id,rate_dem,rate_rep
1001,0.268006,0.731994
1003,0.218190,0.781810
1005,0.515791,0.484209
1007,0.264219,0.735781
1009,0.125174,0.874826
1011,0.764495,0.235505
1013,0.462319,0.537681
1015,0.338749,0.661251
1017,0.473960,0.526040
1019,0.221208,0.778792
1021,0.196030,0.803970
1023,0.476946,0.523054
1025,0.458853,0.541147
1027,0.269487,0.730513
1029,0.155534,0.844466
1031,0.251391,0.748609
1033,0.396762,0.603238
1035,0.508293,0.491707
1037,0.418130,0.581870
1039,0.206257,0.793743
1041,0.321266,0.678734
1043,0.148366,0.851634
1045,0.287376,0.712624
1047,0.699139,0.300861
1049,0.222274,0.777726
1051,0.254324,0.745676
1053,0.371481,0.628519
1055,0.305320,0.694680
1057,0.230847,0.769153
1059,0.295306,0.704694
1061,0.181826,0.818174
1063,0.849014,0.150986
1065,0.627653,0.372347
1067,0.353920,0.646080
1069,0.297019,0.702981
1071,0.287350,0.712650
1073,0.530165,0.469835
1075,0.231733,0.768267
1077,0.343501,0.656499
1079,0.363552,0.636448
1081,0.399085,0.600915
1083,0.279837,0.720163
1085,0.765960,0.234040
1087,0.871723,0.128277
1089,0.405595,0.594405
1091,0.536121,0.463879
1093,0.188264,0.811736
1095,0.195828,0.804172
1097,0.453548,0.546452
1099,0.461192,0.538808
1101,0.622036,0.377964
1103,0.275220,0.724780
1105,0.752058,0.247942
1107,0.465080,0.534920
1109,0.431133,0.568867
1111,0.298777,0.701223
1113,0.559165,0.440835
1115,0.219168,0.780832
1117,0.166542,0.833458
1119,0.773655,0.226345
1121,0.419444,0.580556
1123,0.337644,0.662356
1125,0.411949,0.588051
1127,0.232452,0.767548
1129,0.340620,0.659380
1131,0.743547,0.256453
1133,0.133986,0.866014
2013,0.426847,0.573153
4001,0.675158,0.324842
4003,0.386029,0.613971
4005,0.579611,0.420389
4007,0.363890,0.636110
4009,0.308858,0.691142
4011,0.451413,0.548587
4012,0.336074,0.663926
4013,0.445422,0.554578
4015,0.284319,0.715681
4017,0.460099,0.539901
4019,0.535199,0.464801
4021,0.416468,0.583532
4023,0.691349,0.308651
4025,0.344744,0.655256
4027,0.436092,0.563908
5001,0.386492,0.613508
5003,0.370049,0.629951
5005,0.274231,0.725769
5007,0.292901,0.707099
5009,0.252629,0.747371
5011,0.404410,0.595590
5013,0.311615,0.688385
5015,0.376336,0.623664
5017,0.613336,0.386664
5019,0.467378,0.532622
5021,0.350191,0.649809
5023,0.231592,0.768408
5025,0.267574,0.732426
5027,0.380550,0.619450
5029,0.399654,0.600346
5031,0.340933,0.659067
5033,0.243733,0.756267
5035,0.575493,0.424507
5037,0.348045,0.651955
5039,0.445370,0.554630
5041,0.563033,0.436967
5043,0.403560,0.596440
5045,0.337630,0.662370
5047,0.271512,0.728488
5049,0.329925,0.670075
5051,0.346677,0.653323
5053,0.233127,0.766873
5055,0.306021,0.693979
5057,0.365521,0.634479
5059,0.350508,0.649492
5061,0.337153,0.662847
5063,0.273212,0.726788
5065,0.298882,0.701118
5067,0.405458,0.594542
5069,0.647277,0.352723
5071,0.355971,0.644029
5073,0.406445,0.593555
5075,0.335838,0.664162
5077,0.622084,0.377916
5079,0.393212,0.606788
5081,0.314361,0.685639
5083,0.283437,0.716563
5085,0.239311,0.760689
5087,0.329928,0.670072
5089,0.299075,0.700925
5091,0.298415,0.701585
5093,0.494797,0.505203
5095,0.499684,0.500316
5097,0.279720,0.720280
5099,0.396979,0.603021
5101,0.283633,0.716367
5103,0.456273,0.543727
5105,0.315021,0.684979
5107,0.666923,0.333077
5109,0.230124,0.769876
5111,0.324552,0.675448
5113,0.207163,0.792837
5115,0.257730,0.742270
5117,0.290142,0.709858
5119,0.558452,0.441548
5121,0.356012,0.643988
5123,0.280786,0.719214
5125,0.254252,0.745748
5127,0.231711,0.768289
5129,0.309789,0.690211
5131,0.249402,0.750598
5133,0.298303,0.701697
5135,0.593138,0.406862
5137,0.264224,0.735776
5139,0.366736,0.633264
5141,0.295627,0.704373
5143,0.415700,0.584300
5145,0.223658,0.776342
5147,0.522010,0.477990
5149,0.298751,0.701249
6001,0.812791,0.187209
6003,0.622400,0.377600
6005,0.399158,0.600842
6007,0.489615,0.510385
6009,0.412170,0.587830
6011,0.391209,0.608791
6013,0.680543,0.319457
6015,0.451041,0.548959
6017,0.408247,0.591753
6019,0.509146,0.490854
6021,0.369529,0.630471
6023,0.646691,0.353309
6025,0.662992,0.337008
6027,0.440866,0.559134
6029,0.414112,0.585888
6031,0.423458,0.576542
6033,0.588606,0.411394
6035,0.295004,0.704996
6037,0.714615,0.285385
6039,0.412092,0.587908
6041,0.763871,0.236129
6043,0.404955,0.595045
6045,0.706006,0.293994
6047,0.544763,0.455237
6049,0.285751,0.714249
6051,0.544639,0.455361
6053,0.689220,0.310780
6055,0.647520,0.352480
6057,0.496747,0.503253
6059,0.468079,0.531921
6061,0.400734,0.599266
6063,0.413050,0.586950
6065,0.508449,0.491551
6067,0.597401,0.402599
6069,0.605618,0.394382
6071,0.537668,0.462332
6073,0.538770,0.461230
6075,0.865034,0.134966
6077,0.570058,0.429942
6079,0.505325,0.494675
6081,0.739077,0.260923
6083,0.592995,0.407005
6085,0.720547,0.279453
6087,0.790626,0.209374
6089,0.349444,0.650556
6091,0.382095,0.617905
6093,0.420750,0.579250
6095,0.650096,0.349904
6097,0.737532,0.262468
6099,0.514105,0.485895
6101,0.402190,0.597810
6103,0.357887,0.642113
6105,0.496104,0.503896
6107,0.422985,0.577015
6109,0.418712,0.581288
6111,0.536017,0.463983
6113,0.675818,0.324182
6115,0.406141,0.593859
8001,0.586461,0.413539
8003,0.584868,0.415132
8005,0.550658,0.449342
8007,0.408945,0.591055
8009,0.230503,0.769497
8011,0.431217,0.568783
8013,0.714512,0.285488
,0.530619,0.469381
8015,0.500788,0.499212
8017,0.162111,0.837889
8019,0.562083,0.437917
8021,0.546690,0.453310
8023,0.750280,0.249720
8025,0.366690,0.633310
8027,0.326807,0.673193
8029,0.297483,0.702517
8031,0.752274,0.247726
8033,0.279966,0.720034
8035,0.369168,0.630832
8037,0.576138,0.423862
8039,0.395440,0.604560
8041,0.259788,0.740212
8043,0.337257,0.662743
8045,0.474203,0.525797
8047,0.584311,0.415689
8049,0.464155,0.535845
8051,0.601550,0.398450
8053,0.393471,0.606529
8055,0.542651,0.457349
8057,0.264706,0.735294
8059,0.524875,0.475125
8061,0.148428,0.851572
8063,0.231300,0.768700
8065,0.547643,0.452357
8067,0.626149,0.373851
8069,0.529611,0.470389
8071,0.513566,0.486434
8073,0.246539,0.753461
8075,0.305028,0.694972
8077,0.334362,0.665638
8079,0.458268,0.541732
8081,0.220747,0.779253
8083,0.380306,0.619694
8085,0.311732,0.688268
8087,0.372075,0.627925
8089,0.454228,0.545772
8091,0.526383,0.473617
8093,0.424489,0.575511
8095,0.264270,0.735730
8097,0.693710,0.306290
8099,0.319857,0.680143
8101,0.571576,0.428424
8103,0.172539,0.827461
8105,0.459229,0.540771
8107,0.579825,0.420175
8109,0.659123,0.340877
8111,0.556485,0.443515
8113,0.721659,0.278341
8115,0.322308,0.677692
8117,0.626559,0.373441
8119,0.332413,0.667587
8121,0.183962,0.816038
8123,0.434744,0.565256
8125,0.220460,0.779540
9001,0.553669,0.446331
9003,0.630713,0.369287
9005,0.481632,0.518368
9007,0.580441,0.419559
9009,0.612802,0.387198
9011,0.592815,0.407185
9013,0.563854,0.436146
9015,0.567676,0.432324
10001,0.525066,0.474934
10003,0.672871,0.327129
10005,0.434067,0.565933
11001,0.925876,0.074124
12001,0.588197,0.411803
12003,0.204767,0.795233
12005,0.279385,0.720615
12007,0.288028,0.711972
12009,0.435693,0.564307
12011,0.675576,0.324424
12013,0.275954,0.724046
12015,0.427952,0.572048
12017,0.389213,0.610787
12019,0.268936,0.731064
12021,0.348797,0.651203
12023,0.314678,0.685322
12027,0.427620,0.572380
12029,0.262482,0.737518
12031,0.481783,0.518217
12033,0.396097,0.603903
12035,0.462512,0.537488
12037,0.340720,0.659280
12039,0.704018,0.295982
12041,0.241605,0.758395
12043,0.406131,0.593869
12045,0.287345,0.712655
12047,0.415207,0.584793
12049,0.344042,0.655958
12051,0.470117,0.529883
12053,0.457061,0.542939
12055,0.383900,0.616100
12057,0.533803,0.466197
12059,0.154467,0.845533
12061,0.387528,0.612472
12063,0.353661,0.646339
12065,0.508835,0.491165
12067,0.204769,0.795231
12069,0.413532,0.586468
12071,0.416756,0.583244
12073,0.619562,0.380438
12075,0.336708,0.663292
12077,0.290472,0.709528
12079,0.482775,0.517225
12081,0.437146,0.562854
12083,0.418023,0.581977
12085,0.384557,0.615443
12086,0.619198,0.380802
12087,0.502200,0.497800
12089,0.255127,0.744873
12091,0.250254,0.749746
12093,0.398555,0.601445
12095,0.592023,0.407977
12097,0.623559,0.376441
12099,0.585632,0.414368
12101,0.466387,0.533613
12103,0.528568,0.471432
12105,0.465566,0.534434
12107,0.376440,0.623560
12109,0.233931,0.766069
12111,0.462589,0.537411
12113,0.467299,0.532701
12115,0.309491,0.690509
12117,0.539596,0.460404
12119,0.324481,0.675519
12121,0.272686,0.727314
12123,0.306668,0.693332
12125,0.251739,0.748261
12127,0.494097,0.505903
12129,0.357760,0.642240
12131,0.236888,0.763112
12133,0.259716,0.740284
13001,0.251466,0.748534
13003,0.324268,0.675732
13005,0.203656,0.796344
13007,0.502850,0.497150
13009,0.527812,0.472188
13011,0.127160,0.872840
13013,0.243526,0.756474
13015,0.238036,0.761964
13017,0.425186,0.574814
13019,0.208143,0.791857
13021,0.600938,0.399062
13023,0.261326,0.738674
13025,0.159072,0.840928
13027,0.468918,0.531082
13029,0.279415,0.720585
13031,0.403627,0.596373
13033,0.556872,0.443128
13035,0.320035,0.679965
13037,0.595140,0.404860
13039,0.359876,0.640124
13043,0.330477,0.669523
13045,0.309705,0.690295
13047,0.231021,0.768979
13049,0.321429,0.678571
13051,0.560689,0.439311
13053,0.497951,0.502049
13055,0.290474,0.709526
13057,0.205916,0.794084
13059,0.647990,0.352010
13061,0.616154,0.383846
13063,0.851908,0.148092
13065,0.347755,0.652245
13067,0.436693,0.563307
13069,0.353513,0.646487
13071,0.300620,0.699380
13073,0.282586,0.717414
13075,0.341643,0.658357
13077,0.276682,0.723318
13079,0.336224,0.663776
13081,0.430943,0.569057
13083,0.239884,0.760116
13085,0.123017,0.876983
13087,0.440807,0.559193
13089,0.787215,0.212785
13091,0.318966,0.681034
13093,0.535129,0.464871
13095,0.696667,0.303333
13097,0.520116,0.479884
13099,0.519542,0.480458
13101,0.158716,0.841284
13103,0.240812,0.759188
13105,0.395647,0.604353
13107,0.364644,0.635356
13109,0.358597,0.641403
13111,0.205159,0.794841
13113,0.341388,0.658612
13115,0.297779,0.702221
13117,0.181053,0.818947
13119,0.196900,0.803100
13121,0.650723,0.349277
13123,0.179897,0.820103
13125,0.134249,0.865751
13127,0.363852,0.636148
13129,0.206768,0.793232
13131,0.365942,0.634058
13133,0.386968,0.613032
13135,0.453233,0.546767
13137,0.159052,0.840948
13139,0.214931,0.785069
13141,0.811381,0.188619
13143,0.174792,0.825208
13145,0.270173,0.729827
13147,0.305742,0.694258
13149,0.230769,0.769231
13151,0.483360,0.516640
13153,0.395753,0.604247
13155,0.310139,0.689861
13157,0.181320,0.818680
13159,0.308477,0.691523
13161,0.241890,0.758110
13163,0.586915,0.413085
13165,0.440889,0.559111
13167,0.348465,0.651535
13169,0.355633,0.644367
13171,0.346887,0.653113
13173,0.379686,0.620314
13175,0.386014,0.613986
13177,0.236566,0.763434
13179,0.652665,0.347335
13181,0.361029,0.638971
13183,0.384739,0.615261
13185,0.450293,0.549707
13187,0.192020,0.807980
13189,0.675147,0.324853
13191,0.228033,0.771967
13193,0.448967,0.551033
13195,0.424835,0.575165
13197,0.456560,0.543440
13199,0.471427,0.528573
13201,0.309032,0.690968
13205,0.495508,0.504492
13207,0.311625,0.688375
13209,0.298920,0.701080
13211,0.307976,0.692024
13213,0.231406,0.768594
13215,0.607465,0.392535
13217,0.510144,0.489856
13219,0.252355,0.747645
13221,0.310462,0.689538
13223,0.279243,0.720757
13225,0.537648,0.462352
13227,0.157722,0.842278
13229,0.165513,0.834487
13231,0.168993,0.831007
13233,0.269254,0.730746
13235,0.332787,0.667213
13237,0.320096,0.679904
13239,0.545455,0.454545
13241,0.213182,0.786818
13243,0.582045,0.417955
13245,0.670365,0.329635
13247,0.583561,0.416439
13249,0.258362,0.741638
13251,0.457680,0.542320
13253,0.396992,0.603008
13255,0.398968,0.601032
13257,0.227866,0.772134
13259,0.639749,0.360251
13261,0.542415,0.457585
13263,0.653303,0.346697
13265,0.663191,0.336809
13267,0.287294,0.712706
13269,0.446591,0.553409
13271,0.421237,0.578763
13273,0.581087,0.418913
13275,0.406880,0.593120
13277,0.336584,0.663416
13279,0.296224,0.703776
13281,0.207026,0.792974
13283,0.393984,0.606016
13285,0.409974,0.590026
13287,0.426795,0.573205
13289,0.543452,0.456548
13291,0.196023,0.803977
13293,0.353830,0.646170
13295,0.245063,0.754937
13297,0.219127,0.780873
13299,0.329364,0.670636
13301,0.606987,0.393013
13303,0.538804,0.461196
13305,0.255688,0.744312
13307,0.491970,0.508030
13309,0.361085,0.638915
13311,0.161887,0.838113
13313,0.271922,0.728078
13315,0.340508,0.659492
13317,0.441974,0.558026
13319,0.492659,0.507341
13321,0.297630,0.702370
15001,0.761960,0.238040
15003,0.697889,0.302111
15005,0.752807,0.247193
15007,0.756537,0.243463
15009,0.441563,0.558437
16001,0.289950,0.710050
16003,0.386103,0.613897
16005,0.108205,0.891795
16007,0.309574,0.690426
16009,0.221411,0.778589
16011,0.603363,0.396637
16013,0.315553,0.684447
16015,0.363799,0.636201
16017,0.234785,0.765215
16019,0.280770,0.719230
16021,0.204925,0.795075
16023,0.283422,0.716578
16025,0.309271,0.690729
16027,0.128925,0.871075
16029,0.133059,0.866941
16031,0.219269,0.780731
16033,0.288833,0.711167
16035,0.233069,0.766931
16037,0.324677,0.675323
16039,0.058877,0.941123
16041,0.141683,0.858317
16043,0.269263,0.730737
16045,0.258278,0.741722
16047,0.223883,0.776117
16049,0.116360,0.883640
16051,0.261264,0.738736
16053,0.323722,0.676278
16055,0.522554,0.477446
16057,0.240662,0.759338
16059,0.252390,0.747610
16061,0.291304,0.708696
16063,0.058276,0.941724
16065,0.203454,0.796546
16067,0.392922,0.607078
16069,0.105596,0.894404
16071,0.229666,0.770334
16073,0.274441,0.725559
16075,0.344320,0.655680
16077,0.457596,0.542404
16079,0.439325,0.560675
16081,0.276086,0.723914
16083,0.440219,0.559781
16085,0.260870,0.739130
16087,0.320915,0.679085
17001,0.569235,0.430765
17003,0.424455,0.575545
17005,0.471090,0.528910
17007,0.342174,0.657826
17009,0.499080,0.500920
17011,0.428571,0.571429
17013,0.507618,0.492382
17015,0.431303,0.568697
17017,0.536241,0.463759
17019,0.382085,0.617915
17021,0.334971,0.665029
17023,0.274333,0.725667
17025,0.347146,0.652854
17027,0.443306,0.556694
17029,0.750241,0.249759
17031,0.338505,0.661495
17033,0.318641,0.681359
17035,0.528313,0.471687
17037,0.362256,0.637744
17039,0.312983,0.687017
17041,0.505594,0.494406
17043,0.333247,0.666753
17045,0.238683,0.761317
17047,0.235974,0.764026
17049,0.324057,0.675943
17051,0.281393,0.718607
17053,0.414017,0.585983
17055,0.556684,0.443316
17057,0.408171,0.591829
17059,0.369565,0.630435
17061,0.454506,0.545494
17063,0.330900,0.669100
17065,0.409147,0.590853
17067,0.325867,0.674133
17069,0.562092,0.437908
17071,0.515660,0.484340
17073,0.272321,0.727679
17075,0.574516,0.425484
17077,0.290101,0.709899
17079,0.382956,0.617044
17081,0.377808,0.622192
17083,0.505937,0.494063
17085,0.284011,0.715989
17087,0.505589,0.494411
17089,0.482775,0.517225
17091,0.483060,0.516940
17093,0.588433,0.411567
17095,0.542313,0.457687
17097,0.498025,0.501975
17099,0.342706,0.657294
17101,0.462590,0.537410
17103,0.339809,0.660191
17105,0.336491,0.663509
17107,0.473705,0.526295
17109,0.463694,0.536306
17111,0.492947,0.507053
17113,0.402314,0.597686
17115,0.427328,0.572672
17117,0.467547,0.532453
17119,0.328414,0.671586
17121,0.492571,0.507429
17123,0.455093,0.544907
17125,0.443867,0.556133
17127,0.347222,0.652778
17129,0.537636,0.462364
17131,0.363387,0.636613
17133,0.427413,0.572587
17135,0.421396,0.578604
17137,0.361673,0.638327
17139,0.414806,0.585194
17141,0.522310,0.477690
17143,0.409500,0.590500
17145,0.363401,0.636599
17147,0.319137,0.680863
17149,0.300648,0.699352
17151,0.470369,0.529631
17153,0.509311,0.490689
17155,0.409922,0.590078
17157,0.331835,0.668165
17159,0.610959,0.389041
17161,0.352241,0.647759
17163,0.456039,0.543961
17165,0.454953,0.545047
17167,0.364437,0.635563
17169,0.328130,0.671870
17171,0.573077,0.426923
17173,0.417461,0.582539
17175,0.491609,0.508391
17177,0.408847,0.591153
17179,0.387571,0.612429
17181,0.432583,0.567417
17183,0.313733,0.686267
17185,0.527800,0.472200
17187,0.338304,0.661696
17189,0.201813,0.798187
17191,0.316231,0.683769
17193,0.586725,0.413275
17195,0.527928,0.472072
17197,0.372846,0.627154
17199,0.528211,0.471789
17201,0.300653,0.699347
17203,0.298674,0.701326
18001,0.415046,0.584954
18003,0.370106,0.629894
18005,0.332282,0.667718
18007,0.415481,0.584519
18009,0.306899,0.693101
18011,0.413961,0.586039
18013,0.345166,0.654834
18015,0.388808,0.611192
18017,0.449813,0.550187
18019,0.327776,0.672224
18021,0.342940,0.657060
18023,0.457418,0.542582
18025,0.241886,0.758114
18027,0.297783,0.702217
18029,0.292346,0.707654
18031,0.338561,0.661439
18033,0.515978,0.484022
18035,0.358825,0.641175
18037,0.365380,0.634620
18039,0.413372,0.586628
18041,0.426982,0.573018
18043,0.324156,0.675844
18045,0.281525,0.718475
18047,0.330184,0.669816
18049,0.341866,0.658134
18051,0.387591,0.612409
18053,0.339658,0.660342
18055,0.325517,0.674483
18057,0.290176,0.709824
18059,0.383081,0.616919
18061,0.322695,0.677305
18063,0.412606,0.587394
18065,0.426795,0.573205
18067,0.297322,0.702678
18069,0.359107,0.640893
18071,0.370001,0.629999
18073,0.397379,0.602621
18075,0.446663,0.553337
18077,0.384368,0.615632
18079,0.304018,0.695982
18081,0.352291,0.647709
18083,0.233243,0.766757
18085,0.317450,0.682550
18087,0.656691,0.343309
18089,0.564276,0.435724
18091,0.332107,0.667893
18093,0.476923,0.523077
18095,0.613119,0.386881
18097,0.352762,0.647238
18099,0.292868,0.707132
18101,0.340594,0.659406
18103,0.597958,0.402042
18105,0.303015,0.696985
18107,0.289151,0.710849
18109,0.401963,0.598037
18111,0.328682,0.671318
18113,0.361061,0.638939
18115,0.388962,0.611038
18117,0.358022,0.641978
18119,0.332598,0.667402
18121,0.559140,0.440860
18123,0.369437,0.630563
18125,0.519858,0.480142
18127,0.378918,0.621082
18129,0.360684,0.639316
18131,0.333555,0.666445
18133,0.377391,0.622609
18135,0.302191,0.697809
18137,0.324044,0.675956
18139,0.468314,0.531686
18141,0.328028,0.671972
18143,0.421968,0.578032
18145,0.517801,0.482199
18147,0.445653,0.554347
18149,0.362164,0.637836
18151,0.394291,0.605709
18153,0.434270,0.565730
18155,0.481557,0.518443
18157,0.337543,0.662457
18159,0.334868,0.665132
18161,0.446115,0.553885
18163,0.465105,0.534895
18165,0.504388,0.495612
18167,0.314893,0.685107
18169,0.357741,0.642259
18171,0.364190,0.635810
18173,0.374354,0.625646
18175,0.425136,0.574864
18177,0.270722,0.729278
18179,0.378578,0.621422
18181,0.301131,0.698869
18183,0.458504,0.541496
19001,0.481273,0.518727
19003,0.521197,0.478803
19005,0.482821,0.517179
19007,0.472019,0.527981
19009,0.497174,0.502826
19011,0.602837,0.397163
19013,0.533978,0.466022
19015,0.513594,0.486406
19017,0.570505,0.429495
19019,0.448268,0.551732
19021,0.447747,0.552253
19023,0.436342,0.563658
19025,0.468999,0.531001
19027,0.403958,0.596042
19029,0.523313,0.476687
19031,0.567992,0.432008
19033,0.418361,0.581639
19035,0.556182,0.443818
19037,0.507535,0.492465
19039,0.406070,0.593930
19041,0.535786,0.464214
19043,0.616164,0.383836
19045,0.460291,0.539709
19047,0.441274,0.558726
19049,0.415528,0.584472
19051,0.479133,0.520867
19053,0.498919,0.501081
19055,0.593688,0.406312
19057,0.409214,0.590786
19059,0.574808,0.425192
19061,0.455710,0.544290
19063,0.560642,0.439358
19065,0.574092,0.425908
19067,0.445274,0.554726
19069,0.453588,0.546412
19071,0.499474,0.500526
19073,0.384672,0.615328
19075,0.447561,0.552439
19077,0.486556,0.513444
19079,0.431826,0.568174
19081,0.465981,0.534019
19083,0.435495,0.564505
19085,0.469721,0.530279
19087,0.606618,0.393382
19089,0.388878,0.611122
19091,0.366232,0.633768
19093,0.475611,0.524389
19095,0.585779,0.414221
19097,0.536061,0.463939
19099,0.582706,0.417294
19101,0.681324,0.318676
19103,0.539639,0.460361
19105,0.447532,0.552468
19107,0.438147,0.561853
19109,0.579166,0.420834
19111,0.590183,0.409817
19113,0.503284,0.496716
19115,0.468522,0.531478
19117,0.222309,0.777691
19119,0.439042,0.560958
19121,0.395179,0.604821
19123,0.433055,0.566945
19125,0.547653,0.452347
19127,0.403171,0.596829
19129,0.517172,0.482828
19131,0.451052,0.548948
19133,0.460740,0.539260
19135,0.390412,0.609588
19137,0.580935,0.419065
19139,0.272149,0.727851
19141,0.290261,0.709739
19143,0.375377,0.624623
19145,0.445718,0.554282
19147,0.326307,0.673693
19149,0.388620,0.611380
19151,0.572072,0.427928
19153,0.473304,0.526696
19155,0.547695,0.452305
19157,0.464370,0.535630
19159,0.406825,0.593175
19161,0.569745,0.430255
19163,0.386991,0.613009
19165,0.157830,0.842170
19167,0.571130,0.428870
19169,0.537785,0.462215
19171,0.428523,0.571477
19173,0.519638,0.480362
19175,0.404501,0.595499
19177,0.560639,0.439361
19179,0.490216,0.509784
19181,0.479067,0.520933
19183,0.441426,0.558574
19185,0.529657,0.470343
19187,0.499742,0.500258
19189,0.575106,0.424894
19191,0.505222,0.494778
19193,0.574011,0.425989
19195,0.458529,0.541471
19197,0.360463,0.639537
20001,0.293168,0.706832
20003,0.395898,0.604102
20005,0.213842,0.786158
20007,0.225838,0.774162
20009,0.327320,0.672680
20011,0.275544,0.724456
20013,0.286253,0.713747
20015,0.290349,0.709651
20017,0.176768,0.823232
20019,0.349392,0.650608
20021,0.167385,0.832615
20023,0.177732,0.822268
20025,0.230260,0.769740
20027,0.247963,0.752037
20029,0.236254,0.763746
20031,0.157143,0.842857
20033,0.348306,0.651694
20035,0.469657,0.530343
20037,0.179245,0.820755
20039,0.257259,0.742741
20041,0.272014,0.727986
20043,0.627132,0.372868
20045,0.219602,0.780398
20047,0.211278,0.788722
20049,0.266847,0.733153
20051,0.266717,0.733283
20053,0.301314,0.698686
20055,0.316996,0.683004
20057,0.345945,0.654055
20059,0.432503,0.567497
20061,0.130952,0.869048
20063,0.195122,0.804878
20065,0.201147,0.798853
20067,0.168137,0.831863
20069,0.172256,0.827744
20071,0.231141,0.768859
20073,0.190421,0.809579
20075,0.238198,0.761802
20077,0.384858,0.615142
20079,0.156477,0.843523
20081,0.170965,0.829035
20083,0.350221,0.649779
20085,0.381471,0.618529
20087,0.156421,0.843579
20089,0.410989,0.589011
20091,0.196337,0.803663
20093,0.234185,0.765815
20095,0.143108,0.856892
20097,0.396615,0.603385
20099,0.188804,0.811196
20101,0.399669,0.600331
20103,0.198762,0.801238
20105,0.269151,0.730849
20107,0.148904,0.851096
20109,0.441326,0.558674
20111,0.262609,0.737391
20113,0.314966,0.685034
20115,0.287560,0.712440
20117,0.153025,0.846975
20119,0.323404,0.676596
20121,0.200618,0.799382
20123,0.288599,0.711401
20125,0.288238,0.711762
20127,0.149881,0.850119
20129,0.202840,0.797160
20131,0.324264,0.675736
20133,0.152768,0.847232
20135,0.174868,0.825132
20137,0.338760,0.661240
20139,0.179700,0.820300
20141,0.195584,0.804416
20143,0.281128,0.718872
20145,0.151768,0.848232
20147,0.255498,0.744502
20149,0.261264,0.738736
20151,0.134466,0.865534
20153,0.339663,0.660337
20155,0.182689,0.817311
20157,0.253973,0.746027
20159,0.438244,0.561756
20161,0.150479,0.849521
20163,0.239400,0.760600
20165,0.188493,0.811507
20167,0.337165,0.662835
20169,0.138155,0.861845
20171,0.403271,0.596729
20173,0.291756,0.708244
20175,0.494603,0.505397
20177,0.127080,0.872920
20179,0.226009,0.773991
20181,0.180626,0.819374
20183,0.225824,0.774176
20185,0.191176,0.808824
20187,0.125937,0.874063
20189,0.298049,0.701951
20191,0.176610,0.823390
20193,0.187500,0.812500
20195,0.289225,0.710775
20197,0.086404,0.913596
20199,0.184507,0.815493
20201,0.160532,0.839468
20203,0.224540,0.775460
20205,0.268551,0.731449
20207,0.688823,0.311177
20209,0.221304,0.778696
21001,0.258581,0.741419
21003,0.327020,0.672980
21005,0.309958,0.690042
21007,0.330842,0.669158
21009,0.437577,0.562423
21011,0.237836,0.762164
21013,0.303175,0.696825
21015,0.395906,0.604094
21017,0.416720,0.583280
21019,0.367258,0.632742
21021,0.361146,0.638854
21023,0.320082,0.679918
21025,0.359873,0.640127
21027,0.318797,0.681203
21029,0.258135,0.741865
21031,0.321751,0.678249
21033,0.360304,0.639696
21035,0.383520,0.616480
21037,0.290135,0.709865
21039,0.449008,0.550992
21041,0.390556,0.609444
21043,0.181302,0.818698
21045,0.379804,0.620196
21047,0.344878,0.655122
21049,0.152463,0.847537
21051,0.174034,0.825966
21053,0.252698,0.747302
21055,0.212789,0.787211
21057,0.392446,0.607554
21059,0.298307,0.701693
21061,0.512976,0.487024
21063,0.265622,0.734378
21065,0.505229,0.494771
21067,0.335793,0.664207
21069,0.326032,0.673968
21071,0.504152,0.495848
21073,0.417654,0.582346
21075,0.413218,0.586782
21077,0.238273,0.761727
21079,0.331603,0.668397
21081,0.298242,0.701758
21083,0.299956,0.700044
21085,0.242759,0.757241
21087,0.404986,0.595014
21089,0.453152,0.546848
21091,0.394441,0.605559
21093,0.174585,0.825415
21095,0.351644,0.648356
21097,0.349083,0.650917
21099,0.440039,0.559961
21101,0.391036,0.608964
21103,0.324043,0.675957
21105,0.297329,0.702671
21107,0.122966,0.877034
21109,0.556422,0.443578
21111,0.296580,0.703420
21113,0.195396,0.804604
21115,0.375816,0.624184
21117,0.255856,0.744144
21119,0.226829,0.773171
21121,0.307052,0.692948
21123,0.177049,0.822951
21125,0.275612,0.724388
21127,0.231337,0.768663
21129,0.088875,0.911125
21131,0.199930,0.800070
21133,0.287489,0.712511
21135,0.286953,0.713047
21137,0.303495,0.696505
21139,0.334587,0.665413
21141,0.362748,0.637252
21143,0.352696,0.647304
21145,0.297056,0.702944
21147,0.473538,0.526462
21149,0.325596,0.674404
21151,0.152904,0.847096
21153,0.381794,0.618206
21155,0.334942,0.665058
21157,0.189775,0.810225
21159,0.346145,0.653855
21161,0.384228,0.615772
21163,0.413902,0.586098
21165,0.303086,0.696914
21167,0.347476,0.652524
21169,0.199234,0.800766
21171,0.366472,0.633528
21173,0.311845,0.688155
21175,0.380675,0.619325
21177,0.416266,0.583734
21179,0.374556,0.625444
21181,0.315851,0.684149
21183,0.314083,0.685917
21185,0.335644,0.664356
21187,0.181178,0.818822
21189,0.343306,0.656694
21191,0.202934,0.797066
21193,0.242985,0.757015
21195,0.369357,0.630643
21197,0.193694,0.806306
21199,0.369967,0.630033
21201,0.179102,0.820898
21203,0.460056,0.539944
21205,0.185470,0.814530
21207,0.372668,0.627332
21209,0.360074,0.639926
21211,0.378301,0.621699
21213,0.308036,0.691964
21215,0.303156,0.696844
21217,0.301720,0.698280
21219,0.318764,0.681236
21221,0.388475,0.611525
21223,0.329320,0.670680
21225,0.389104,0.610896
21227,0.323199,0.676801
21229,0.259658,0.740342
21231,0.328555,0.671445
21233,0.207743,0.792257
21235,0.387609,0.612391
21237,0.403487,0.596513
21239,0.247631,0.752369
22001,0.287204,0.712796
22003,0.325645,0.674355
22005,0.438682,0.561318
22007,0.362871,0.637129
22009,0.202869,0.797131
22011,0.489412,0.510588
22013,0.270232,0.729768
22015,0.525262,0.474738
22017,0.353564,0.646436
22019,0.218213,0.781787
22021,0.111232,0.888768
22023,0.339114,0.660886
22025,0.452349,0.547651
22027,0.412905,0.587095
22029,0.430265,0.569735
22031,0.526581,0.473419
22033,0.621676,0.378324
22035,0.462718,0.537282
22037,0.343627,0.656373
22039,0.316983,0.683017
22041,0.167215,0.832785
22043,0.367369,0.632631
22045,0.567691,0.432309
22047,0.309937,0.690063
22049,0.407032,0.592968
22051,0.258112,0.741888
22053,0.117720,0.882280
22055,0.328317,0.671683
22057,0.251812,0.748188
22059,0.425568,0.574432
22061,0.140680,0.859320
22063,0.611952,0.388048
22065,0.471833,0.528167
22067,0.466655,0.533345
22069,0.819014,0.180986
22071,0.394198,0.605802
22073,0.357398,0.642602
22075,0.453605,0.546395
22077,0.350204,0.649796
22079,0.475718,0.524282
22081,0.366836,0.633164
22083,0.220902,0.779098
22085,0.373083,0.626917
22087,0.358233,0.641767
22089,0.599144,0.400856
22091,0.575399,0.424601
22093,0.633636,0.366364
22095,0.478040,0.521960
22097,0.375753,0.624247
22099,0.404971,0.595029
22101,0.232936,0.767064
22103,0.359385,0.640615
22105,0.559771,0.440229
22107,0.290401,0.709599
22109,0.289112,0.710888
22111,0.232237,0.767763
22113,0.207074,0.792926
22115,0.354030,0.645970
22117,0.373695,0.626305
22119,0.451245,0.548755
22121,0.190359,0.809641
22123,0.428396,0.571604
22125,0.297059,0.702941
22127,0.565959,0.434041
23001,0.539138,0.460862
23003,0.638101,0.361899
23005,0.595259,0.404741
23007,0.587730,0.412270
23009,0.569406,0.430594
23011,0.615854,0.384146
23013,0.559761,0.440239
23015,0.576502,0.423498
23017,0.515022,0.484978
23019,0.478050,0.521950
23021,0.583753,0.416247
23023,0.508661,0.491339
23025,0.554977,0.445023
23027,0.508239,0.491761
23029,0.583693,0.416307
23031,0.337696,0.662304
24001,0.499611,0.500389
24003,0.887158,0.112842
24005,0.587165,0.412835
24009,0.461523,0.538477
24011,0.380318,0.619682
24013,0.329858,0.670142
24015,0.400285,0.599715
24017,0.659536,0.340464
24019,0.476400,0.523600
24021,0.483975,0.516025
24023,0.242792,0.757208
24025,0.405488,0.594512
24027,0.612755,0.387245
24029,0.498558,0.501442
24031,0.723890,0.276110
24033,0.906863,0.093137
24035,0.350958,0.649042
24037,0.509628,0.490372
24039,0.423820,0.576180
24041,0.437187,0.562813
24043,0.409745,0.590255
24045,0.474287,0.525713
24047,0.408455,0.591545
24510,0.539522,0.460478
25001,0.774118,0.225882
25003,0.603944,0.396056
25005,0.740761,0.259239
25007,0.582906,0.417094
25009,0.743409,0.256591
25011,0.627473,0.372527
25013,0.727546,0.272454
25015,0.638328,0.361672
25017,0.636530,0.363470
25019,0.577357,0.422643
25021,0.521269,0.478731
25023,0.788658,0.211342
25025,0.548190,0.451810
25027,0.409068,0.590932
26001,0.487010,0.512990
26003,0.400662,0.599338
26005,0.472954,0.527046
26007,0.392122,0.607878
26009,0.474890,0.525110
26011,0.457558,0.542442
26013,0.408264,0.591736
26015,0.528094,0.471906
26017,0.480020,0.519980
26019,0.466906,0.533094
26021,0.407895,0.592105
26023,0.508108,0.491892
26025,0.431056,0.568944
26027,0.426071,0.573929
26029,0.444538,0.555462
26031,0.461699,0.538301
26033,0.475612,0.524388
26035,0.468345,0.531655
26037,0.444346,0.555654
26039,0.466301,0.533699
26041,0.391772,0.608228
26043,0.515857,0.484143
26045,0.413377,0.586623
26047,0.642366,0.357634
26049,0.463731,0.536269
26051,0.540922,0.459078
26053,0.440317,0.559683
26055,0.480096,0.519904
26057,0.377316,0.622684
26059,0.453491,0.546509
26061,0.425346,0.574654
26063,0.640865,0.359135
26065,0.434927,0.565073
26067,0.474641,0.525359
26069,0.454576,0.545424
26071,0.546942,0.453058
26073,0.470867,0.529133
26075,0.567326,0.432674
26077,0.400343,0.599657
26079,0.461088,0.538912
26081,0.429204,0.570796
26083,0.525291,0.474709
26085,0.441947,0.558053
26087,0.467743,0.532257
26089,0.493485,0.506515
26091,0.382491,0.617509
26093,0.385453,0.614547
26095,0.438420,0.561580
26097,0.520132,0.479868
26099,0.530139,0.469861
26101,0.571073,0.428927
26103,0.474924,0.525076
26105,0.450243,0.549757
26107,0.485101,0.514899
26109,0.421813,0.578187
26111,0.327713,0.672287
26113,0.504986,0.495014
26115,0.456269,0.543731
26117,0.411694,0.588306
26119,0.589963,0.410037
26121,0.411990,0.588010
26123,0.540656,0.459344
26125,0.447974,0.552026
26127,0.468420,0.531580
26129,0.454181,0.545819
26131,0.393302,0.606698
26133,0.417907,0.582093
26135,0.400359,0.599641
26137,0.326478,0.673522
26139,0.456914,0.543086
26141,0.480502,0.519498
26143,0.560046,0.439954
26145,0.396809,0.603191
26147,0.465435,0.534565
26149,0.518622,0.481378
26151,0.463906,0.536094
26153,0.437939,0.562061
26155,0.445159,0.554841
26157,0.502297,0.497703
26159,0.681831,0.318169
26161,0.735921,0.264079
26163,0.422578,0.577422
26165,0.493236,0.506764
27001,0.486772,0.513228
27003,0.425934,0.574066
27005,0.550827,0.449173
27007,0.429660,0.570340
27009,0.492674,0.507326
27011,0.549093,0.450907
27013,0.414947,0.585053
27015,0.633602,0.366398
27017,0.399711,0.600289
27019,0.433639,0.566361
27021,0.509587,0.490413
27023,0.435602,0.564398
27025,0.540671,0.459329
27027,0.426313,0.573687
27029,0.620100,0.379900
27031,0.423204,0.576796
27033,0.431895,0.568105
27035,0.514924,0.485076
27037,0.448297,0.551703
27039,0.421337,0.578663
27041,0.453601,0.546399
27043,0.537644,0.462356
27045,0.572323,0.427677
27047,0.484642,0.515358
27049,0.485125,0.514875
27051,0.638474,0.361526
27053,0.516126,0.483874
27055,0.413879,0.586121
27057,0.407330,0.592670
27059,0.550336,0.449664
27061,0.426958,0.573042
27063,0.453604,0.546396
27065,0.465906,0.534094
27067,0.531250,0.468750
27069,0.548474,0.451526
27071,0.504601,0.495399
27073,0.607696,0.392304
27075,0.396767,0.603233
27077,0.466754,0.533246
27079,0.472553,0.527447
27081,0.453188,0.546812
27083,0.594318,0.405682
27085,0.437486,0.562514
27087,0.378489,0.621511
27089,0.386317,0.613683
27091,0.418196,0.581804
27093,0.456103,0.543897
27095,0.377207,0.622793
27097,0.615985,0.384015
27099,0.463122,0.536878
27101,0.540244,0.459756
27103,0.452950,0.547050
27105,0.555556,0.444444
27107,0.516450,0.483550
27109,0.392103,0.607897
27111,0.477801,0.522199
27113,0.496506,0.503494
27115,0.379038,0.620962
27117,0.470740,0.529260
27119,0.486853,0.513147
27121,0.680575,0.319425
27123,0.486884,0.513116
27125,0.396939,0.603061
27127,0.449954,0.550046
27129,0.542465,0.457535
27131,0.409167,0.590833
27133,0.386019,0.613981
27135,0.424245,0.575755
27137,0.387215,0.612785
27139,0.383230,0.616770
27141,0.652197,0.347803
27143,0.438197,0.561803
27145,0.467838,0.532162
27147,0.497821,0.502179
27149,0.550310,0.449690
27151,0.417663,0.582337
27153,0.522727,0.477273
27155,0.472348,0.527652
27157,0.375584,0.624416
27159,0.460679,0.539321
27161,0.503825,0.496175
27163,0.497705,0.502295
27165,0.400382,0.599618
27167,0.566138,0.433862
27169,0.388796,0.611204
27171,0.467653,0.532347
27173,0.590139,0.409861
28001,0.240118,0.759882
28003,0.423459,0.576541
28005,0.433779,0.566221
28007,0.501222,0.498778
28009,0.692403,0.307597
28011,0.369534,0.630466
28013,0.336350,0.663650
28015,0.522934,0.477066
28017,0.336792,0.663208
28019,0.885594,0.114406
28021,0.381250,0.618750
28023,0.610015,0.389985
28025,0.741813,0.258187
28027,0.552277,0.447723
28029,0.417753,0.582247
28031,0.331240,0.668760
28033,0.444683,0.555317
28035,0.386909,0.613091
28037,0.139599,0.860401
28039,0.226264,0.773736
28041,0.469044,0.530956
28043,0.232036,0.767964
28045,0.369378,0.630622
28047,0.719558,0.280442
28049,0.844815,0.155185
28051,0.751155,0.248845
28053,0.613316,0.386684
28055,0.187493,0.812507
28057,0.326113,0.673887
28059,0.548654,0.451346
28061,0.894094,0.105906
28063,0.629908,0.370092
28065,0.308081,0.691919
28067,0.644193,0.355807
28069,0.422154,0.577846
28071,0.223379,0.776621
28073,0.424863,0.575137
28075,0.370571,0.629429
28077,0.456162,0.543838
28079,0.359169,0.640831
28081,0.717692,0.282308
28083,0.335438,0.664562
28085,0.497584,0.502416
28087,0.420931,0.579069
28089,0.347823,0.652177
28091,0.598524,0.401476
28093,0.420526,0.579474
28095,0.475809,0.524191
28097,0.282720,0.717280
28099,0.341707,0.658293
28101,0.787830,0.212170
28103,0.509353,0.490647
28105,0.543392,0.456608
28107,0.199224,0.800776
28109,0.269597,0.730403
28111,0.541192,0.458808
28113,0.228861,0.771139
28115,0.284776,0.715224
28117,0.717683,0.282317
28119,0.236285,0.763715
28121,0.452428,0.547572
28123,0.707424,0.292576
28125,0.388820,0.611180
28127,0.246512,0.753488
28129,0.269837,0.730163
28131,0.736790,0.263210
28133,0.613038,0.386962
28135,0.402201,0.597799
28137,0.256476,0.743524
28139,0.211291,0.788709
28141,0.797384,0.202616
28143,0.243950,0.756050
28145,0.457915,0.542085
28147,0.507744,0.492256
28149,0.712154,0.287846
28151,0.404328,0.595672
28153,0.229641,0.770359
28155,0.706857,0.293143
28157,0.471304,0.528696
28159,0.480495,0.519505
28161,0.571985,0.428015
28163,0.427457,0.572543
29001,0.326795,0.673205
29003,0.284424,0.715576
29005,0.363907,0.636093
29007,0.271650,0.728350
29009,0.217776,0.782224
29011,0.337469,0.662531
29013,0.325217,0.674783
29015,0.228523,0.771477
29017,0.515812,0.484188
29019,0.455246,0.544754
29021,0.262657,0.737343
29023,0.325316,0.674684
29025,0.340761,0.659239
29027,0.299675,0.700325
29029,0.277167,0.722833
29031,0.273071,0.726929
29033,0.275988,0.724012
29035,0.355409,0.644591
29037,0.259936,0.740064
29039,0.357926,0.642074
29041,0.263182,0.736818
29043,0.446931,0.553069
29045,0.457097,0.542903
29047,0.383408,0.616592
29049,0.328949,0.671051
29051,0.336096,0.663904
29053,0.314438,0.685562
29055,0.244914,0.755086
29057,0.298285,0.701715
29059,0.329429,0.670571
29061,0.280941,0.719059
29063,0.245053,0.754947
29065,0.268910,0.731090
29067,0.346748,0.653252
29069,0.357366,0.642634
29071,0.300114,0.699886
29073,0.320342,0.679658
29075,0.375401,0.624599
29077,0.285714,0.714286
29079,0.272727,0.727273
29081,0.366650,0.633350
29083,0.379378,0.620622
29085,0.242091,0.757909
29087,0.363502,0.636498
29089,0.275739,0.724261
29091,0.425657,0.574343
29093,0.599858,0.400142
29095,0.290072,0.709928
29097,0.435034,0.564966
29099,0.375281,0.624719
29101,0.366789,0.633211
29103,0.272376,0.727624
29105,0.365830,0.634170
29107,0.260202,0.739798
29109,0.360335,0.639665
29111,0.350494,0.649506
29113,0.379016,0.620984
29115,0.322395,0.677605
29117,0.329387,0.670613
29119,0.329803,0.670197
29121,0.290995,0.709005
29123,0.337209,0.662791
29125,0.252167,0.747833
29127,0.219527,0.780473
29129,0.246605,0.753395
29131,0.382698,0.617302
29133,0.254753,0.745247
29135,0.352852,0.647148
29137,0.332696,0.667304
29139,0.326005,0.673995
29141,0.396450,0.603550
29143,0.261115,0.738885
29145,0.361894,0.638106
29147,0.329617,0.670383
29149,0.216554,0.783446
29151,0.290486,0.709514
29153,0.426065,0.573935
29155,0.278110,0.721890
29157,0.352562,0.647438
29159,0.327700,0.672300
29161,0.360665,0.639335
29163,0.428080,0.571920
29165,0.278990,0.721010
29167,0.315928,0.684072
29169,0.259735,0.740265
29171,0.349507,0.650493
29173,0.312539,0.687461
29175,0.423687,0.576313
29177,0.374676,0.625324
29179,0.271648,0.728352
29181,0.426130,0.573870
29183,0.372528,0.627472
29185,0.340392,0.659608
29186,0.305882,0.694118
29187,0.365320,0.634680
29189,0.306278,0.693722
29195,0.393370,0.606630
29197,0.325966,0.674034
29199,0.399918,0.600082
29201,0.569327,0.430673
29203,0.838114,0.161886
29205,0.484621,0.515379
29207,0.249269,0.750731
29209,0.249714,0.750286
29211,0.360604,0.639396
29213,0.258139,0.741861
29215,0.273715,0.726285
29217,0.309427,0.690573
29219,0.363212,0.636788
29221,0.402568,0.597432
29223,0.323577,0.676423
29225,0.291658,0.708342
29227,0.339303,0.660697
29229,0.250932,0.749068
29510,0.294206,0.705794
30001,0.633546,0.366454
30003,0.578382,0.421618
30005,0.262003,0.737997
30007,0.377883,0.622117
30009,0.124031,0.875969
30011,0.453644,0.546356
30013,0.357456,0.642544
30015,0.352094,0.647906
30017,0.242579,0.757421
30019,0.286959,0.713041
30021,0.663881,0.336119
30023,0.173626,0.826374
30025,0.278108,0.721892
30027,0.329187,0.670813
30029,0.474125,0.525875
30031,0.095930,0.904070
30033,0.673888,0.326112
30035,0.238612,0.761388
30037,0.325000,0.675000
30039,0.518197,0.481803
30041,0.359096,0.640904
30043,0.282955,0.717045
30045,0.448609,0.551391
30047,0.481757,0.518243
30049,0.267987,0.732013
30051,0.296434,0.703566
30053,0.291695,0.708305
30055,0.230372,0.769628
30057,0.286475,0.713525
30059,0.365344,0.634656
30061,0.591679,0.408321
30063,0.211613,0.788387
30065,0.445478,0.554522
30067,0.169550,0.830450
30069,0.218157,0.781843
30071,0.368202,0.631798
30073,0.169492,0.830508
30075,0.329621,0.670379
30077,0.243086,0.756914
30079,0.337393,0.662607
30081,0.222074,0.777926
30083,0.579444,0.420556
30085,0.415061,0.584939
30087,0.301754,0.698246
30089,0.355235,0.644765
30091,0.666605,0.333395
30093,0.272192,0.727808
30095,0.229580,0.770420
30097,0.338654,0.661346
30099,0.287834,0.712166
30101,0.263279,0.736721
30103,0.372112,0.627888
30105,0.281865,0.718135
30107,0.188825,0.811175
30109,0.394646,0.605354
30111,0.328163,0.671837
31001,0.180297,0.819703
31003,0.116732,0.883268
31005,0.137157,0.862843
31007,0.097643,0.902357
31009,0.223393,0.776607
31011,0.370971,0.629029
31013,0.177191,0.822809
31015,0.146789,0.853211
31017,0.283338,0.716662
31019,0.388855,0.611145
31021,0.276236,0.723764
31023,0.366267,0.633733
31025,0.226157,0.773843
31027,0.138194,0.861806
31029,0.145673,0.854327
31031,0.239135,0.760865
31033,0.230079,0.769921
31035,0.320861,0.679139
31037,0.263885,0.736115
31039,0.201339,0.798661
31041,0.485705,0.514295
31043,0.313573,0.686427
31045,0.287113,0.712887
31047,0.219836,0.780164
31049,0.332696,0.667304
31051,0.386760,0.613240
31053,0.484605,0.515395
31055,0.181818,0.818182
31057,0.286780,0.713220
31059,0.256684,0.743316
31061,0.212050,0.787950
31063,0.191837,0.808163
31065,0.414507,0.585493
31067,0.225957,0.774043
31069,0.162309,0.837691
31071,0.238589,0.761411
31073,0.085227,0.914773
31075,0.293103,0.706897
31077,0.361539,0.638461
31079,0.241466,0.758534
31081,0.202401,0.797599
31083,0.096774,0.903226
31085,0.188705,0.811295
31087,0.183597,0.816403
31089,0.151671,0.848329
31091,0.325963,0.674037
31093,0.355549,0.644451
31095,0.392060,0.607940
31097,0.247598,0.752402
31099,0.233635,0.766365
31101,0.169133,0.830867
31103,0.242331,0.757669
31105,0.268509,0.731491
31107,0.498317,0.501683
31109,0.293188,0.706812
31111,0.160377,0.839623
31113,0.176136,0.823864
31115,0.257253,0.742747
31117,0.147482,0.852518
31119,0.270864,0.729136
31121,0.213015,0.786985
31123,0.303088,0.696912
31125,0.359236,0.640764
31127,0.265173,0.734827
31129,0.375568,0.624432
31131,0.307929,0.692071
31133,0.173343,0.826657
31135,0.205607,0.794393
31137,0.190490,0.809510
31139,0.238322,0.761678
31141,0.218362,0.781638
31143,0.196572,0.803428
31145,0.327738,0.672262
31147,0.132903,0.867097
31149,0.472348,0.527652
31151,0.381647,0.618353
31153,0.328173,0.671827
31155,0.309624,0.690376
31157,0.322912,0.677088
31159,0.161759,0.838241
31161,0.373225,0.626775
31163,0.139310,0.860690
31165,0.239563,0.760437
31167,0.279785,0.720215
31169,0.104478,0.895522
31171,0.570448,0.429552
31173,0.231090,0.768910
31175,0.312232,0.687768
31177,0.301093,0.698907
31179,0.260000,0.740000
31181,0.212329,0.787671
31183,0.219785,0.780215
31185,0.453648,0.546352
32001,0.295450,0.704550
32003,0.574289,0.425711
32005,0.363547,0.636453
32007,0.226151,0.773849
32009,0.224939,0.775061
32011,0.138961,0.861039
32013,0.313142,0.686858
32015,0.252602,0.747398
32017,0.191296,0.808704
32019,0.353110,0.646890
32021,0.444159,0.555841
32023,0.374275,0.625725
32027,0.351306,0.648694
32029,0.410531,0.589469
32031,0.518916,0.481084
32033,0.274275,0.725725
32510,0.474881,0.525119
33001,0.495920,0.504080
33003,0.626110,0.373890
33005,0.589169,0.410831
33007,0.620935,0.379065
33009,0.505714,0.494286
33011,0.564531,0.435469
33013,0.476857,0.523143
33015,0.574074,0.425926
33017,0.567576,0.432424
33019,0.585077,0.414923
34001,0.557204,0.442796
34003,0.591160,0.408840
34005,0.688669,0.311331
34007,0.456533,0.543467
34009,0.622430,0.377570
34011,0.786044,0.213956
34013,0.554533,0.445467
34015,0.783253,0.216747
34017,0.409926,0.590074
34019,0.687904,0.312096
34021,0.639736,0.360264
34023,0.474403,0.525597
34025,0.444909,0.555091
34027,0.411217,0.588783
34029,0.642431,0.357569
34031,0.506626,0.493374
34033,0.528291,0.471709
34035,0.391194,0.608806
34037,0.671671,0.328329
34039,0.421340,0.578660
34041,0.586198,0.413802
35001,0.272639,0.727361
35003,0.335365,0.664635
35005,0.623320,0.376680
35006,0.511670,0.488330
35007,0.303021,0.696979
35009,0.328751,0.671249
35011,0.576147,0.423853
35013,0.328011,0.671989
35015,0.569569,0.430431
35017,0.727628,0.272372
35019,0.442930,0.557070
35021,0.525343,0.474657
35023,0.245369,0.754631
35025,0.330450,0.669550
35027,0.519776,0.480224
35028,0.494002,0.505998
35029,0.740684,0.259316
35031,0.766667,0.233333
35033,0.354201,0.645799
35035,0.385774,0.614226
35037,0.771430,0.228570
35039,0.299307,0.700693
35041,0.354666,0.645334
35043,0.793508,0.206492
35045,0.527594,0.472406
35047,0.766468,0.233532
35049,0.401472,0.598528
35051,0.598525,0.401475
35053,0.814387,0.185613
35055,0.407588,0.592412
35057,0.276347,0.723653
35059,0.513024,0.486976
35061,0.660202,0.339798
36001,0.371408,0.628592
36003,0.918828,0.081172
36005,0.527188,0.472812
36007,0.432918,0.567082
36009,0.558320,0.441680
36011,0.459842,0.540158
36013,0.488157,0.511843
36015,0.484147,0.515853
36017,0.630436,0.369564
36019,0.570238,0.429762
36021,0.546592,0.453408
36023,0.455213,0.544787
36025,0.538269,0.461731
36027,0.583140,0.416860
36029,0.595460,0.404540
36031,0.632851,0.367149
36033,0.443180,0.556820
36035,0.396604,0.603396
36037,0.446941,0.553059
36039,0.368627,0.631373
36041,0.459092,0.540908
36043,0.485477,0.514523
36045,0.829147,0.170853
36047,0.455325,0.544675
36049,0.447559,0.552441
36051,0.504528,0.495472
36053,0.591994,0.408006
36055,0.476412,0.523588
36057,0.538600,0.461400
36059,0.848777,0.151223
36061,0.504276,0.495724
36063,0.476105,0.523895
36065,0.607972,0.392028
36067,0.492187,0.507813
36069,0.528655,0.471345
36071,0.402406,0.597594
36073,0.540637,0.459363
36075,0.513911,0.486089
36077,0.447574,0.552426
36079,0.798770,0.201230
36081,0.562349,0.437651
36083,0.512985,0.487015
36085,0.533710,0.466290
36087,0.512459,0.487541
36089,0.581026,0.418974
36091,0.420893,0.579107
36093,0.461848,0.538152
36095,0.546407,0.453593
36097,0.585158,0.414842
36099,0.418298,0.581702
36101,0.518720,0.481280
36103,0.545812,0.454188
36105,0.424288,0.575712
36107,0.710386,0.289614
36109,0.616067,0.383933
36111,0.511876,0.488124
36113,0.509687,0.490313
36115,0.453332,0.546668
36117,0.627196,0.372804
36119,0.353614,0.646386
36121,0.483308,0.516692
36123,0.430681,0.569319
37001,0.273423,0.726577
37003,0.318319,0.681681
37005,0.627537,0.372463
37007,0.333064,0.666936
37009,0.246077,0.753923
37011,0.402998,0.597002
37013,0.664055,0.335945
37015,0.509930,0.490070
37017,0.388123,0.611877
37019,0.563530,0.436470
37021,0.380922,0.619078
37023,0.398624,0.601376
37025,0.319337,0.680663
37027,0.326619,0.673381
37029,0.293677,0.706323
37031,0.488759,0.511241
37033,0.350824,0.649176
37035,0.524211,0.475789
37037,0.266909,0.733091
37039,0.477508,0.522492
37041,0.284402,0.715598
37043,0.398133,0.601867
37045,0.460589,0.539411
37047,0.410650,0.589350
37049,0.599345,0.400655
37051,0.322120,0.677880
37053,0.419081,0.580919
37055,0.294599,0.705401
37057,0.280825,0.719175
37059,0.441733,0.558267
37061,0.767099,0.232901
37063,0.681784,0.318216
37065,0.536478,0.463522
37067,0.479190,0.520810
37069,0.371418,0.628582
37071,0.520748,0.479252
37073,0.289222,0.710778
37075,0.522940,0.477060
37077,0.461351,0.538649
37079,0.582770,0.417230
37081,0.662169,0.337831
37083,0.404024,0.595976
37085,0.430824,0.569176
37087,0.361027,0.638973
37089,0.722857,0.277143
37091,0.596389,0.403611
37093,0.493633,0.506367
37095,0.345950,0.654050
37097,0.495137,0.504863
37099,0.360421,0.639579
37101,0.453267,0.546733
37103,0.450812,0.549188
37105,0.499427,0.500573
37107,0.303767,0.696233
37109,0.345199,0.654801
37111,0.453479,0.546521
37113,0.523374,0.476626
37115,0.338706,0.661294
37117,0.613299,0.386701
37119,0.240450,0.759550
37121,0.423582,0.576418
37123,0.358804,0.641196
37125,0.504890,0.495110
37127,0.476889,0.523111
37129,0.674942,0.325058
37131,0.364457,0.635543
37133,0.714488,0.285512
37135,0.395193,0.604807
37137,0.573932,0.426068
37139,0.397212,0.602788
37141,0.419237,0.580763
37143,0.445067,0.554933
37145,0.536057,0.463943
37147,0.391550,0.608450
37149,0.246492,0.753508
37151,0.514868,0.485132
37153,0.587981,0.412019
37155,0.393261,0.606739
37157,0.368742,0.631258
37159,0.330909,0.669091
37161,0.445052,0.554948
37163,0.584864,0.415136
37165,0.297547,0.702453
37167,0.283133,0.716867
37169,0.313828,0.686172
37171,0.468001,0.531999
37173,0.414702,0.585298
37175,0.473684,0.526316
37177,0.347008,0.652992
37179,0.642010,0.357990
37181,0.558124,0.441876
37183,0.689662,0.310338
37185,0.593803,0.406197
37187,0.484011,0.515989
37189,0.457541,0.542459
37191,0.284269,0.715731
37193,0.537614,0.462386
37195,0.239311,0.760689
37197,0.429960,0.570040
37199,0.263242,0.736758
38001,0.446809,0.553191
38003,0.587256,0.412744
38005,0.158645,0.841355
38007,0.341611,0.658389
38009,0.244392,0.755608
38011,0.230230,0.769770
38013,0.335655,0.664345
38015,0.485028,0.514972
38017,0.406359,0.593641
38019,0.346326,0.653674
38021,0.344365,0.655635
38023,0.252234,0.747766
38025,0.433929,0.566071
38027,0.210671,0.789329
38029,0.370800,0.629200
38031,0.179204,0.820796
38033,0.482332,0.517668
38035,0.245769,0.754231
38037,0.410099,0.589901
38039,0.238385,0.761615
38041,0.311164,0.688836
38043,0.349551,0.650449
38045,0.222649,0.777351
38047,0.359786,0.640214
38049,0.307229,0.692771
38051,0.273855,0.726145
38053,0.347121,0.652879
38055,0.270032,0.729968
38057,0.339874,0.660126
38059,0.416939,0.583061
38061,0.469975,0.530025
38063,0.288501,0.711499
38065,0.397525,0.602475
38067,0.310588,0.689412
38069,0.448126,0.551874
38071,0.571003,0.428997
38073,0.318655,0.681345
38075,0.430591,0.569409
38077,0.754331,0.245669
38079,0.550154,0.449846
38081,0.202484,0.797516
38083,0.800000,0.200000
38085,0.195755,0.804245
38087,0.248125,0.751875
38089,0.509843,0.490157
38091,0.386731,0.613269
38093,0.453029,0.546971
38095,0.475703,0.524297
38097,0.430221,0.569779
38099,0.342143,0.657857
38101,0.289214,0.710786
38103,0.244267,0.755733
38105,0.366756,0.633244
39001,0.377805,0.622195
39003,0.347941,0.652059
39005,0.565378,0.434622
39007,0.681825,0.318175
39009,0.253522,0.746478
39011,0.457916,0.542084
39013,0.373600,0.626400
39015,0.372323,0.627677
39017,0.431093,0.568907
39019,0.389408,0.610592
39021,0.495896,0.504104
39023,0.321742,0.678258
39025,0.325337,0.674663
39027,0.439763,0.560237
39029,0.452707,0.547293
39031,0.387778,0.612222
39033,0.701128,0.298872
39035,0.273763,0.726237
39037,0.431762,0.568238
39039,0.382537,0.617463
39041,0.562473,0.437527
39043,0.421437,0.578563
39045,0.390928,0.609072
39047,0.615917,0.384083
39049,0.435971,0.564029
39051,0.370277,0.629723
39053,0.391239,0.608761
39055,0.393006,0.606994
39057,0.453080,0.546920
39059,0.532185,0.467815
39061,0.358900,0.641100
39063,0.381483,0.618517
39065,0.423303,0.576697
39067,0.406612,0.593388
39069,0.346596,0.653404
39071,0.494856,0.505144
39073,0.230592,0.769408
39075,0.457326,0.542674
39077,0.395256,0.604744
39079,0.474567,0.525433
39081,0.377488,0.622512
39083,0.495430,0.504570
39085,0.423075,0.576925
39087,0.429100,0.570900
39089,0.341242,0.658758
39091,0.578296,0.421704
39093,0.661399,0.338601
39095,0.398266,0.601734
39097,0.643768,0.356232
39099,0.467107,0.532893
39101,0.434795,0.565205
39103,0.405866,0.594134
39105,0.222707,0.777293
39107,0.321305,0.678695
39109,0.461036,0.538964
39111,0.523471,0.476529
39113,0.469548,0.530452
39115,0.375554,0.624446
39117,0.468814,0.531186
39119,0.374254,0.625746
39121,0.521891,0.478109
39123,0.397886,0.602114
39125,0.479741,0.520259
39127,0.408246,0.591754
39129,0.499956,0.500044
39131,0.528188,0.471812
39133,0.314545,0.685455
39135,0.239370,0.760630
39137,0.401156,0.598844
39139,0.492579,0.507421
39141,0.513889,0.486111
39143,0.493212,0.506788
39145,0.461579,0.538421
39147,0.270087,0.729913
39149,0.502390,0.497610
39151,0.579609,0.420391
39153,0.617022,0.382978
39155,0.452828,0.547172
39157,0.350881,0.649119
39159,0.295945,0.704055
39161,0.460317,0.539683
39163,0.300613,0.699387
39165,0.402661,0.597339
39167,0.395693,0.604307
39169,0.419685,0.580315
39171,0.524782,0.475218
39173,0.400989,0.599011
39175,0.326829,0.673171
40001,0.154585,0.845415
40003,0.259987,0.740013
40005,0.105811,0.894189
40007,0.204621,0.795379
40009,0.259958,0.740042
40011,0.278843,0.721157
40013,0.357474,0.642526
40015,0.228261,0.771739
40017,0.286649,0.713351
40019,0.429470,0.570530
40021,0.294907,0.705093
40023,0.096074,0.903926
40025,0.370349,0.629651
40027,0.275117,0.724883
40029,0.414809,0.585191
40031,0.267835,0.732165
40033,0.329250,0.670750
40035,0.272957,0.727043
40037,0.240592,0.759408
40039,0.293920,0.706080
40041,0.143813,0.856187
40043,0.125486,0.874514
40045,0.237720,0.762280
40047,0.269823,0.730177
40049,0.243947,0.756053
40051,0.190039,0.809961
40053,0.266376,0.733624
40055,0.286024,0.713976
40057,0.120642,0.879358
40059,0.276861,0.723139
40061,0.325570,0.674430
40063,0.246748,0.753252
40065,0.270210,0.729790
40067,0.300317,0.699683
40069,0.286928,0.713072
40071,0.155687,0.844313
40073,0.323203,0.676797
40075,0.308057,0.691943
40077,0.294337,0.705663
40079,0.255185,0.744815
40081,0.277263,0.722737
40083,0.297983,0.702017
40085,0.141767,0.858233
40087,0.271595,0.728405
40089,0.333541,0.666459
40091,0.223263,0.776737
40093,0.242184,0.757816
40095,0.381312,0.618688
40097,0.299262,0.700738
40099,0.426100,0.573900
40101,0.246815,0.753185
40103,0.305201,0.694799
40105,0.349763,0.650237
40107,0.416743,0.583257
40109,0.412672,0.587328
40111,0.373565,0.626435
40113,0.351779,0.648221
40115,0.299917,0.700083
40117,0.358192,0.641808
40119,0.308257,0.691743
40121,0.306159,0.693841
40123,0.306681,0.693319
40125,0.252542,0.747458
40127,0.162485,0.837515
40129,0.249258,0.750742
40131,0.348712,0.651288
40133,0.304480,0.695520
40135,0.233810,0.766190
40137,0.148826,0.851174
40139,0.332966,0.667034
40141,0.363221,0.636779
40143,0.271549,0.728451
40145,0.260943,0.739057
40147,0.190454,0.809546
40149,0.197469,0.802531
40151,0.160073,0.839927
40153,0.293520,0.706480
41001,0.649473,0.350527
41003,0.518744,0.481256
41005,0.576330,0.423670
41007,0.527046,0.472954
41009,0.466785,0.533215
41011,0.313725,0.686275
41013,0.412100,0.587900
41015,0.465363,0.534637
41017,0.357776,0.642224
41019,0.367327,0.632673
41021,0.225721,0.774279
41023,0.241931,0.758069
41025,0.638558,0.361442
41027,0.475655,0.524345
41029,0.415586,0.584414
41031,0.387123,0.612877
41033,0.305221,0.694779
41035,0.215204,0.784796
41037,0.621527,0.378473
41039,0.606737,0.393263
41041,0.413162,0.586838
41043,0.287097,0.712903
41045,0.483640,0.516360
41047,0.321907,0.678093
41049,0.784968,0.215032
41051,0.477617,0.522383
41053,0.319960,0.680040
41055,0.525424,0.474576
41057,0.356434,0.643566
41059,0.342234,0.657766
41061,0.308849,0.691151
41063,0.499138,0.500862
41065,0.590108,0.409892
41067,0.327990,0.672010
41069,0.466287,0.533713
41071,0.360528,0.639472
42001,0.573730,0.426270
42003,0.309898,0.690102
42005,0.466694,0.533306
42007,0.222801,0.777199
42009,0.494959,0.505041
42011,0.328178,0.671822
42013,0.374403,0.625597
42015,0.506216,0.493784
42017,0.323289,0.676711
42019,0.408150,0.591850
42021,0.347576,0.652424
42023,0.461649,0.538351
42025,0.501283,0.498717
42027,0.498938,0.501062
42029,0.318308,0.681692
42031,0.353407,0.646593
42033,0.439825,0.560175
42035,0.434473,0.565527
42037,0.399120,0.600880
42039,0.406381,0.593619
42041,0.530695,0.469305
42043,0.607801,0.392199
42045,0.418877,0.581123
42047,0.581201,0.418799
42049,0.457834,0.542166
42051,0.393155,0.606845
42053,0.305116,0.694884
42055,0.213912,0.786088
42057,0.409804,0.590196
42059,0.311077,0.688923
42061,0.405066,0.594934
42063,0.268405,0.731595
42065,0.270698,0.729302
42067,0.638012,0.361988
42069,0.403746,0.596254
42071,0.454175,0.545825
42073,0.356810,0.643190
42075,0.539299,0.460701
42077,0.524390,0.475610
42079,0.331502,0.668498
42081,0.356893,0.643107
42083,0.483123,0.516877
42085,0.263570,0.736430
42087,0.567275,0.432725
42089,0.572320,0.427680
42091,0.396236,0.603764
42093,0.523866,0.476134
42095,0.401105,0.598895
42097,0.302313,0.697687
42099,0.859228,0.140772
42101,0.443990,0.556010
42103,0.266134,0.733866
42105,0.431965,0.568035
42107,0.317547,0.682453
42109,0.282346,0.717654
42111,0.356306,0.643694
42113,0.391035,0.608965
42115,0.320798,0.679202
42117,0.381693,0.618307
42119,0.365119,0.634881
42121,0.411350,0.588650
42123,0.431151,0.568849
42125,0.394327,0.605673
42127,0.380080,0.619920
42129,0.434495,0.565505
42131,0.392456,0.607544
42133,0.618633,0.381367
44001,0.590735,0.409265
44003,0.606828,0.393172
44005,0.677929,0.322071
44007,0.585888,0.414112
44009,0.431680,0.568320
45001,0.365060,0.634940
45003,0.797340,0.202660
45005,0.315058,0.684942
45007,0.678205,0.321795
45009,0.526861,0.473139
45011,0.411498,0.588502
45013,0.425892,0.574108
45015,0.521801,0.478199
45017,0.512123,0.487877
45019,0.351959,0.648041
45021,0.553444,0.446556
45023,0.483828,0.516172
45025,0.562492,0.437508
45027,0.500946,0.499054
45029,0.517112,0.482888
45031,0.580927,0.419073
45033,0.418840,0.581160
45035,0.432703,0.567297
45037,0.660411,0.339589
45039,0.496987,0.503013
45041,0.461501,0.538499
45043,0.358726,0.641274
45045,0.422740,0.577260
45047,0.637874,0.362126
45049,0.350277,0.649723
45051,0.579992,0.420008
45053,0.408186,0.591814
45055,0.409715,0.590285
45057,0.411666,0.588334
45059,0.678511,0.321489
45061,0.308167,0.691833
45063,0.652303,0.347697
45065,0.623977,0.376023
45067,0.518164,0.481836
45069,0.427441,0.572559
45071,0.283479,0.716521
45073,0.718731,0.281269
45075,0.249966,0.750034
45077,0.661954,0.338046
45079,0.393241,0.606759
45081,0.382376,0.617624
45083,0.588716,0.411284
45085,0.468174,0.531826
45087,0.701467,0.298533
45089,0.396556,0.603444
45091,0.408824,0.591176
46003,0.405147,0.594853
46005,0.466780,0.533220
46007,0.389389,0.610611
46009,0.483689,0.516311
46011,0.465609,0.534391
46013,0.354714,0.645286
46015,0.739812,0.260188
46017,0.245890,0.754110
46019,0.198960,0.801040
46021,0.399407,0.600593
46023,0.400562,0.599438
46025,0.579185,0.420815
46027,0.406593,0.593407
46029,0.557180,0.442820
46031,0.303616,0.696384
46033,0.390050,0.609950
46035,0.531416,0.468584
46037,0.444707,0.555293
46039,0.645455,0.354545
46041,0.199280,0.800720
46043,0.329799,0.670201
46045,0.335491,0.664509
46047,0.302007,0.697993
46049,0.423306,0.576694
46051,0.284425,0.715575
46053,0.128015,0.871985
46055,0.338106,0.661894
46057,0.316456,0.683544
46059,0.318391,0.681609
46061,0.113889,0.886111
46063,0.348032,0.651968
46065,0.273563,0.726437
46067,0.262500,0.737500
46069,0.391904,0.608096
46071,0.456566,0.543434
46073,0.180602,0.819398
46075,0.429414,0.570586
46077,0.443432,0.556568
46079,0.361247,0.638753
46081,0.369657,0.630343
46083,0.393368,0.606632
46085,0.544103,0.455897
46087,0.353516,0.646484
46089,0.227997,0.772003
46091,0.279017,0.720983
46093,0.496032,0.503968
46095,0.429596,0.570404
46097,0.462221,0.537779
46099,0.482119,0.517881
46101,0.348848,0.651152
46103,0.209318,0.790682
46105,0.247807,0.752193
46107,0.550060,0.449940
46109,0.361188,0.638812
46111,0.939840,0.060160
46113,0.437710,0.562290
46115,0.290387,0.709613
46117,0.232791,0.767209
46119,0.798707,0.201293
46121,0.278955,0.721045
46123,0.341978,0.658022
46125,0.371925,0.628075
46127,0.279351,0.720649
46129,0.434729,0.565271
46135,0.583001,0.416999
46137,0.347955,0.652045
47001,0.295612,0.704388
47003,0.369679,0.630321
47005,0.295407,0.704593
47007,0.267370,0.732630
47009,0.226656,0.773344
47011,0.278914,0.721086
47013,0.320952,0.679048
47015,0.324766,0.675234
47017,0.236004,0.763996
47019,0.312119,0.687881
47021,0.257451,0.742549
47023,0.242090,0.757910
47025,0.372486,0.627514
47027,0.248957,0.751043
47029,0.310697,0.689303
47031,0.306126,0.693874
47033,0.251304,0.748696
47035,0.594495,0.405505
47037,0.311946,0.688054
47039,0.344151,0.655849
47041,0.355582,0.644418
47043,0.274675,0.725325
47045,0.345151,0.654849
47047,0.229424,0.770576
47049,0.353167,0.646833
47051,0.337533,0.662467
47053,0.352225,0.647775
47055,0.233679,0.766321
47057,0.265232,0.734768
47059,0.395047,0.604953
47061,0.264932,0.735068
47063,0.423985,0.576015
47065,0.237263,0.762737
47067,0.529815,0.470185
47069,0.238288,0.761712
47071,0.261325,0.738675
47073,0.606853,0.393147
47075,0.253270,0.746730
47077,0.346234,0.653766
47079,0.361856,0.638144
47081,0.469956,0.530044
47083,0.431137,0.568863
47085,0.421883,0.578117
47087,0.245049,0.754951
47089,0.243354,0.756646
47091,0.351253,0.648747
47093,0.431851,0.568149
47095,0.464936,0.535064
47097,0.282335,0.717665
47099,0.317046,0.682954
47101,0.251279,0.748721
47103,0.232391,0.767609
47105,0.227833,0.772167
47107,0.455079,0.544921
47109,0.386601,0.613399
47111,0.352846,0.647154
47113,0.363477,0.636523
47115,0.262233,0.737767
47117,0.273810,0.726190
47119,0.298435,0.701565
47121,0.271502,0.728498
47123,0.447519,0.552481
47125,0.255620,0.744380
47127,0.269784,0.730216
47129,0.273671,0.726329
47131,0.370053,0.629947
47133,0.385992,0.614008
47135,0.293729,0.706271
47137,0.311201,0.688799
47139,0.311383,0.688617
47141,0.251965,0.748035
47143,0.290136,0.709864
47145,0.319670,0.680330
47147,0.374399,0.625601
47149,0.221038,0.778962
47151,0.296024,0.703976
47153,0.222083,0.777917
47155,0.631481,0.368519
47157,0.354630,0.645370
47159,0.411169,0.588831
47161,0.260194,0.739806
47163,0.287681,0.712319
47165,0.299643,0.700357
47167,0.434783,0.565217
47169,0.275450,0.724550
47171,0.256597,0.743403
47173,0.386997,0.613003
47175,0.372355,0.627645
47177,0.303927,0.696073
47179,0.214734,0.785266
47181,0.291944,0.708056
47183,0.310832,0.689168
47185,0.264675,0.735325
47187,0.289249,0.710751
47189,0.237201,0.762799
48001,0.179296,0.820704
48003,0.278423,0.721577
48005,0.283617,0.716383
48007,0.127273,0.872727
48009,0.105832,0.894168
48011,0.407575,0.592425
48013,0.195537,0.804463
48015,0.258172,0.741828
48017,0.200646,0.799354
48019,0.412771,0.587229
48021,0.170716,0.829284
48023,0.442111,0.557889
48025,0.417366,0.582634
48027,0.522942,0.477058
48029,0.251132,0.748868
48031,0.089888,0.910112
48033,0.188500,0.811500
48035,0.290774,0.709226
48037,0.326938,0.673062
48039,0.319588,0.680412
48041,0.471799,0.528201
48043,0.168345,0.831655
48045,0.788132,0.211868
48047,0.137981,0.862019
48049,0.267409,0.732591
48051,0.222437,0.777563
48053,0.443119,0.556881
48055,0.367714,0.632286
48057,0.146422,0.853578
48059,0.656926,0.343074
48061,0.331399,0.668601
48063,0.106453,0.893547
48065,0.250193,0.749807
48067,0.300000,0.700000
48069,0.191397,0.808603
48071,0.242658,0.757342
48073,0.161209,0.838791
48075,0.147823,0.852177
48077,0.282873,0.717127
48079,0.128132,0.871868
48081,0.127968,0.872032
48083,0.339973,0.660027
48085,0.155399,0.844601
48087,0.251893,0.748107
48089,0.225536,0.774464
48091,0.184113,0.815887
48093,0.196555,0.803445
48095,0.158202,0.841798
48097,0.314935,0.685065
48099,0.244898,0.755102
48101,0.218254,0.781746
48103,0.334029,0.665971
48105,0.360813,0.639187
48107,0.658169,0.341831
48109,0.168554,0.831446
48111,0.578244,0.421756
48113,0.282271,0.717729
48115,0.222644,0.777356
48117,0.289418,0.710582
48119,0.229525,0.770475
48121,0.339449,0.660551
48123,0.214073,0.785927
48125,0.737513,0.262487
48127,0.149372,0.850628
48129,0.772675,0.227325
48131,0.151232,0.848768
48133,0.252677,0.747323
48135,0.265446,0.734554
48137,0.664025,0.335975
48139,0.259676,0.740324
48141,0.159834,0.840166
48143,0.377250,0.622750
48145,0.233493,0.766507
48147,0.222148,0.777852
48149,0.318804,0.681196
48151,0.265670,0.734330
48153,0.286885,0.713115
48155,0.465522,0.534478
48157,0.178937,0.821063
48159,0.246798,0.753202
48161,0.603812,0.396188
48163,0.133118,0.866882
48165,0.363922,0.636078
48167,0.180934,0.819066
48169,0.166249,0.833751
48171,0.077193,0.922807
48173,0.329436,0.670564
48175,0.296513,0.703487
48177,0.120890,0.879110
48179,0.256453,0.743547
48181,0.301361,0.698639
48183,0.275825,0.724175
48185,0.322220,0.677780
48187,0.256842,0.743158
48189,0.241568,0.758432
48191,0.168424,0.831576
48193,0.081664,0.918336
48195,0.204330,0.795670
48197,0.159157,0.840843
48199,0.500414,0.499586
48201,0.325632,0.674368
48203,0.097252,0.902748
48205,0.279717,0.720283
48207,0.446467,0.553533
48209,0.128859,0.871141
48211,0.223360,0.776640
48213,0.710775,0.289225
48215,0.231572,0.768428
48217,0.211320,0.788680
48219,0.172704,0.827296
48221,0.220170,0.779830
48223,0.278085,0.721915
48225,0.246409,0.753591
48227,0.445882,0.554118
48229,0.240987,0.759013
48231,0.133138,0.866862
48233,0.143590,0.856410
48235,0.105099,0.894901
48237,0.215032,0.784968
48239,0.255830,0.744170
48241,0.379638,0.620362
48243,0.508111,0.491889
48245,0.785154,0.214846
48247,0.585392,0.414608
48249,0.217954,0.782046
48251,0.223397,0.776603
48253,0.319277,0.680723
48255,0.276007,0.723993
48257,0.173380,0.826620
48259,0.493976,0.506024
48261,0.164589,0.835411
48263,0.200722,0.799278
48265,0.115180,0.884820
48267,0.034722,0.965278
48269,0.372325,0.627675
48271,0.539492,0.460508
48273,0.222520,0.777480
48275,0.590575,0.409425
48277,0.245840,0.754160
48279,0.246055,0.753945
48281,0.208310,0.791690
48283,0.173638,0.826362
48285,0.265841,0.734159
48287,0.154450,0.845550
48289,0.230943,0.769057
48291,0.294557,0.705443
48293,0.102322,0.897678
48295,0.225632,0.774368
48297,0.193172,0.806828
48299,0.142857,0.857143
48301,0.292746,0.707254
48303,0.260154,0.739846
48305,0.242053,0.757947
48307,0.353595,0.646405
48309,0.153465,0.846535
48311,0.195373,0.804627
48313,0.331115,0.668885
48315,0.792725,0.207275
48317,0.181664,0.818336
48319,0.349117,0.650883
48321,0.134538,0.865462
48323,0.301582,0.698418
48325,0.204545,0.795455
48327,0.188425,0.811575
48329,0.324751,0.675249
48331,0.129107,0.870893
48333,0.234525,0.765475
48335,0.145597,0.854403
48337,0.192640,0.807360
48339,0.195458,0.804542
48341,0.365029,0.634971
48343,0.092749,0.907251
48345,0.317067,0.682933
48347,0.286241,0.713759
48349,0.289687,0.710313
48351,0.270342,0.729658
48353,0.483143,0.516857
48355,0.085128,0.914872
48357,0.082462,0.917538
48359,0.225419,0.774581
48361,0.196762,0.803238
48363,0.217597,0.782403
48365,0.166745,0.833255
48367,0.208268,0.791732
48369,0.387765,0.612235
48371,0.256683,0.743317
48373,0.273614,0.726386
48375,0.717805,0.282195
48377,0.188366,0.811634
48379,0.154505,0.845495
48381,0.189448,0.810552
48383,0.183080,0.816920
48385,0.294574,0.705426
48387,0.582132,0.417868
48389,0.375047,0.624953
48391,0.065868,0.934132
48393,0.387696,0.612304
48395,0.230466,0.769534
48397,0.143251,0.856749
48399,0.242231,0.757769
48401,0.177989,0.822011
48403,0.325778,0.674222
48405,0.253231,0.746769
48407,0.395549,0.604451
48409,0.144973,0.855027
48411,0.219246,0.780754
48413,0.168884,0.831116
48415,0.097109,0.902891
48417,0.252364,0.747636
48419,0.117590,0.882410
48421,0.272329,0.727671
48423,0.175947,0.824053
48425,0.868976,0.131024
48427,0.141075,0.858925
48429,0.063265,0.936735
48431,0.239880,0.760120
48433,0.249493,0.750507
48435,0.259176,0.740824
48437,0.420390,0.579610
48439,0.228583,0.771417
48441,0.339483,0.660517
48443,0.289265,0.710735
48445,0.134734,0.865266
48447,0.303252,0.696748
48449,0.256939,0.743061
48451,0.624197,0.375803
48453,0.262396,0.737604
48455,0.220111,0.779889
48457,0.198252,0.801748
48459,0.258942,0.741058
48461,0.457864,0.542136
48463,0.527265,0.472735
48465,0.163365,0.836635
48467,0.308907,0.691093
48469,0.339930,0.660070
48471,0.413377,0.586623
48473,0.262239,0.737761
48475,0.237463,0.762537
48477,0.772409,0.227591
48479,0.302824,0.697176
48481,0.109953,0.890047
48483,0.260927,0.739073
48485,0.247263,0.752737
48487,0.717703,0.282297
48489,0.389442,0.610558
48491,0.282939,0.717061
48493,0.232885,0.767115
48495,0.157676,0.842324
48497,0.175562,0.824438
48499,0.194115,0.805885
48501,0.137453,0.862547
48503,0.717083,0.282917
48505,0.841261,0.158739
48507,0.137302,0.862698
49001,0.103956,0.896044
49003,0.151249,0.848751
49005,0.308893,0.691107
49007,0.188000,0.812000
49009,0.184328,0.815672
49011,0.092531,0.907469
49013,0.130925,0.869075
49015,0.143925,0.856075
49017,0.463873,0.536127
49019,0.131392,0.868608
49021,0.115671,0.884329
49023,0.227802,0.772198
49025,0.087798,0.912202
49027,0.089219,0.910781
49029,0.095979,0.904021
49031,0.083166,0.916834
49033,0.395037,0.604963
49035,0.410320,0.589680
49037,0.104411,0.895589
49039,0.092889,0.907111
49041,0.476056,0.523944
49043,0.240741,0.759259
49045,0.087318,0.912682
49047,0.099184,0.900816
49049,0.232813,0.767187
49051,0.157198,0.842802
49053,0.164877,0.835123
49055,0.267886,0.732114
49057,0.702005,0.297995
50001,0.669380,0.330620
50003,0.616867,0.383133
50005,0.713140,0.286860
50007,0.569367,0.430633
50009,0.619515,0.380485
50011,0.632434,0.367566
50013,0.714676,0.285324
50015,0.664227,0.335773
50017,0.623041,0.376959
50019,0.611969,0.388031
50021,0.715476,0.284524
50023,0.749825,0.250175
50025,0.693934,0.306066
50027,0.482417,0.517583
51001,0.560881,0.439119
51003,0.720503,0.279497
51005,0.486282,0.513718
51007,0.365049,0.634951
51009,0.399296,0.600704
51011,0.314770,0.685230
51013,0.702150,0.297850
51015,0.285745,0.714255
51017,0.412362,0.587638
51019,0.276757,0.723243
51021,0.445131,0.554869
51023,0.255297,0.744703
51025,0.304054,0.695946
51027,0.342684,0.657316
51029,0.627229,0.372771
51031,0.324659,0.675341
51033,0.512365,0.487635
51035,0.370117,0.629883
51036,0.300316,0.699684
51037,0.541893,0.458107
51041,0.296675,0.703325
51043,0.665067,0.334933
51045,0.430513,0.569487
51047,0.773157,0.226843
51049,0.505287,0.494713
51051,0.460742,0.539258
51053,0.429861,0.570139
51057,0.299823,0.700177
51059,0.574978,0.425022
51061,0.320835,0.679165
51063,0.417065,0.582935
51065,0.488306,0.511694
51067,0.611481,0.388519
51069,0.366533,0.633467
51071,0.487896,0.512104
51073,0.669280,0.330720
51075,0.536846,0.463154
51077,0.603918,0.396082
51079,0.582093,0.417907
51081,0.700223,0.299777
51083,0.399011,0.600989
51085,0.368940,0.631060
51087,0.468777,0.531223
51089,0.352216,0.647784
51091,0.654424,0.345576
51093,0.356982,0.643018
51095,0.637208,0.362792
51097,0.403226,0.596774
51099,0.369418,0.630582
51101,0.357865,0.642135
51103,0.356294,0.643706
51105,0.301063,0.698937
51107,0.371374,0.628626
51109,0.639665,0.360335
51111,0.471810,0.528190
51113,0.715880,0.284120
51115,0.314146,0.685854
51117,0.568631,0.431369
51119,0.559812,0.440188
51121,0.424550,0.575450
51125,0.331887,0.668113
51127,0.580736,0.419264
51131,0.426057,0.573943
51133,0.439050,0.560950
51135,0.483380,0.516620
51137,0.404025,0.595975
51139,0.379569,0.620431
51141,0.456245,0.543755
51143,0.273913,0.726087
51145,0.564590,0.435410
51147,0.522777,0.477223
51149,0.430047,0.569953
51153,0.474792,0.525208
51155,0.446048,0.553952
51157,0.405501,0.594499
51159,0.567432,0.432568
51161,0.628877,0.371123
51163,0.625101,0.374899
51165,0.341265,0.658735
51167,0.464684,0.535316
51169,0.395725,0.604275
51171,0.498710,0.501290
51173,0.513797,0.486203
51175,0.329136,0.670864
51177,0.652368,0.347632
51179,0.730328,0.269672
51181,0.582983,0.417017
51183,0.425410,0.574590
51185,0.387406,0.612594
51187,0.495187,0.504813
51191,0.426337,0.573663
51193,0.369885,0.630115
51195,0.300659,0.699341
51197,0.903416,0.096584
51199,0.360479,0.639521
51510,0.240166,0.759834
51515,0.716528,0.283472
51520,0.267399,0.732601
51530,0.564949,0.435051
51540,0.440517,0.559483
51550,0.581200,0.418800
51570,0.372361,0.627639
51580,0.520183,0.479817
51590,0.461431,0.538569
51595,0.421532,0.578468
51600,0.791083,0.208917
51610,0.371729,0.628271
51620,0.616843,0.383157
51630,0.409373,0.590627
51640,0.293860,0.706140
51650,0.312489,0.687511
51660,0.394726,0.605274
51670,0.243543,0.756457
51678,0.340348,0.659652
51680,0.332351,0.667649
51683,0.483860,0.516140
51685,0.441422,0.558578
51690,0.455600,0.544400
51700,0.520727,0.479273
51710,0.576591,0.423409
51720,0.606546,0.393454
51730,0.624280,0.375720
51735,0.209152,0.790848
51740,0.487107,0.512893
51750,0.395319,0.604681
51760,0.280604,0.719396
51770,0.444959,0.555041
51775,0.535136,0.464864
51790,0.646407,0.353593
51800,0.507371,0.492629
51810,0.253438,0.746562
51820,0.312464,0.687536
51830,0.394854,0.605146
51840,0.326895,0.673105
53001,0.414518,0.585482
53003,0.362665,0.637335
53005,0.416069,0.583931
53007,0.501932,0.498068
53009,0.501157,0.498843
53011,0.291460,0.708540
53013,0.522773,0.477227
53015,0.354054,0.645946
53017,0.393433,0.606567
53019,0.379211,0.620789
53021,0.269015,0.730985
53023,0.333930,0.666070
53025,0.572577,0.427423
53027,0.522795,0.477205
53029,0.665430,0.334570
53031,0.707853,0.292147
53033,0.560068,0.439932
53035,0.448311,0.551689
53037,0.463789,0.536211
53039,0.382413,0.617587
53041,0.291667,0.708333
53043,0.536385,0.463615
53045,0.435299,0.564701
53047,0.559354,0.440646
53049,0.388235,0.611765
53051,0.556679,0.443321
53053,0.696073,0.303927
53055,0.533641,0.466359
53057,0.494450,0.505550
53059,0.586306,0.413694
53061,0.470149,0.529851
53063,0.361814,0.638186
53065,0.600345,0.399655
53067,0.494352,0.505648
53069,0.400066,0.599934
53071,0.572080,0.427920
53073,0.485795,0.514205
53075,0.440217,0.559783
53077,0.316166,0.683834
54001,0.391837,0.608163
54003,0.337895,0.662105
54005,0.423036,0.576964
54007,0.441809,0.558191
54009,0.430007,0.569993
54011,0.382780,0.617220
54013,0.320813,0.679187
54015,0.212569,0.787431
54017,0.393565,0.606435
54019,0.344969,0.655031
54021,0.159520,0.840480
54023,0.372627,0.627373
54025,0.293915,0.706085
54027,0.390365,0.609635
54029,0.295337,0.704663
54031,0.380037,0.619963
54033,0.342213,0.657787
54035,0.480144,0.519856
54037,0.439846,0.560154
54039,0.284078,0.715922
54041,0.336914,0.663086
54043,0.296724,0.703276
54045,0.426355,0.573645
54047,0.355337,0.644663
54049,0.396890,0.603110
54051,0.347561,0.652439
54053,0.260128,0.739872
54055,0.269173,0.730827
54057,0.281703,0.718297
54059,0.450990,0.549010
54061,0.286926,0.713074
54063,0.343659,0.656341
54065,0.311142,0.688858
54067,0.386579,0.613421
54069,0.338908,0.661092
54071,0.343525,0.656475
54073,0.373888,0.626112
54075,0.270887,0.729113
54077,0.311577,0.688423
54079,0.272952,0.727048
54081,0.351715,0.648285
54083,0.208187,0.791813
54085,0.394026,0.605974
54087,0.352238,0.647762
54089,0.335755,0.664245
54091,0.287958,0.712042
54093,0.277778,0.722222
54095,0.266518,0.733482
54097,0.362068,0.637932
54099,0.356417,0.643583
54101,0.389631,0.610369
54103,0.321446,0.678554
54105,0.336097,0.663903
54107,0.215316,0.784684
54109,0.544080,0.455920
55001,0.656893,0.343107
55003,0.487619,0.512381
55005,0.626090,0.373910
55007,0.490931,0.509069
55009,0.514854,0.485146
55011,0.466963,0.533037
55013,0.441409,0.558591
55015,0.498609,0.501391
55017,0.454358,0.545642
55019,0.568690,0.431310
55021,0.601481,0.398519
55023,0.720922,0.279078
55025,0.426671,0.573329
55027,0.535359,0.464641
55029,0.658587,0.341413
55031,0.525348,0.474652
55033,0.568710,0.431290
55035,0.366821,0.633179
55037,0.424375,0.575625
55039,0.527518,0.472482
55041,0.570003,0.429997
55043,0.587840,0.412160
55045,0.396136,0.603864
55047,0.654051,0.345949
55049,0.499161,0.500839
55051,0.575995,0.424005
55053,0.461546,0.538454
55055,0.535656,0.464344
55057,0.561933,0.438067
55059,0.472752,0.527248
55061,0.587615,0.412385
55063,0.577834,0.422166
55065,0.440177,0.559823
55067,0.503596,0.496404
55069,0.485705,0.514295
55071,0.469165,0.530835
55073,0.482025,0.517975
55075,0.501374,0.498626
55077,0.869343,0.130657
55078,0.682117,0.317883
55079,0.495831,0.504169
55081,0.452158,0.547842
55083,0.489120,0.510880
55085,0.490793,0.509207
55087,0.346857,0.653143
55089,0.511172,0.488828
55091,0.496074,0.503926
55093,0.454414,0.545586
55095,0.570561,0.429439
55097,0.500193,0.499807
55099,0.517884,0.482116
55101,0.581714,0.418286
55103,0.617275,0.382725
55105,0.480277,0.519723
55107,0.593400,0.406600
55109,0.502464,0.497536
55111,0.449506,0.550494
55113,0.450363,0.549637
55115,0.438421,0.561579
55117,0.401858,0.598142
55119,0.571289,0.428711
55121,0.575147,0.424853
55123,0.434380,0.565620
55125,0.437410,0.562590
55127,0.486223,0.513777
55129,0.297263,0.702737
55131,0.326103,0.673897
55133,0.452619,0.547381
55135,0.448432,0.551568
55137,0.518996,0.481004
55139,0.485334,0.514666
55141,0.486688,0.513312
56001,0.168446,0.831554
56003,0.126373,0.873627
56005,0.337168,0.662832
56007,0.177593,0.822407
56009,0.120509,0.879491
56011,0.325024,0.674976
56013,0.258694,0.741306
56015,0.216294,0.783706
56017,0.182150,0.817850
56019,0.374224,0.625776
56021,0.152651,0.847349
56023,0.288200,0.711800
56025,0.163666,0.836334
56027,0.206694,0.793306
56029,0.280569,0.719431
56031,0.260569,0.739431
56033,0.180939,0.819061
56035,0.294655,0.705345
56037,0.561196,0.438804
56039,0.197501,0.802499
56041,0.208508,0.791492
56043,0.130126,0.869874
56045,,